<?xml version="1.0" encoding="UTF-8"?>
<project-private xmlns="http://www.netbeans.org/ns/project-private/1">
    <editor-bookmarks xmlns="http://www.netbeans.org/ns/editor-bookmarks/2" lastBookmarkId="0"/>
    <open-files xmlns="http://www.netbeans.org/ns/projectui-open-files/2">
        <group>
            <file>file:/D:/Joaco/BackUp%2018.02.2022/Facultad/2do%20semestre/TALLER/Objetos/ClaseDeRepaso/src/Practica5/CoroSemicircular.java</file>
            <file>file:/D:/Joaco/BackUp%2018.02.2022/Facultad/2do%20semestre/TALLER/Objetos/ClaseDeRepaso/src/Practica5/Corista.java</file>
            <file>file:/D:/Joaco/BackUp%2018.02.2022/Facultad/2do%20semestre/TALLER/Objetos/ClaseDeRepaso/src/Practica5/Coro.java</file>
            <file>file:/D:/Joaco/BackUp%2018.02.2022/Facultad/2do%20semestre/TALLER/Objetos/ClaseDeRepaso/src/Practica5/A1Ejercicio1.java</file>
            <file>file:/D:/Joaco/BackUp%2018.02.2022/Facultad/2do%20semestre/TALLER/Objetos/ClaseDeRepaso/src/Practica5/Autitos.java</file>
        </group>
    </open-files>
</project-private>
